<c3p0-config>
    <!-- 使用默认的配置读取连接池对象 -->
    <default-config>
        <!--  连接参数 -->
        <property name="driverClass">com.mysql.jdbc.Driver</property>
        <property name="jdbcUrl">jdbc:mysql://localhost:3306/test</property>
        <property name="user">root</property>
        <property name="password">123</property>

        <!-- 连接池参数 -->
		<!-- 初始连接数量 -->
        <property name="initialPoolSize">5</property>
		<!-- 最大连接数量 -->
        <property name="maxPoolSize">10</property>
		<!-- 连接池中没有连接时最长等待时间 -->
        <property name="checkoutTimeout">2000</property>
		<!-- 连接池中空闲连接多久会自动回收，默认为0，0不回收 -->
        <property name="maxIdleTime">1000</property>
    </default-config>

    <named-config name="hehe">
        <!--  连接参数 -->
        <property name="driverClass">com.mysql.jdbc.Driver</property>
        <property name="jdbcUrl">jdbc:mysql://localhost:3306/db1</property>
        <property name="user">root</property>
        <property name="password">123456</property>

        <!-- 连接池参数 -->
        <property name="initialPoolSize">5</property>
        <property name="maxPoolSize">15</property>
        <property name="checkoutTimeout">2000</property>
        <property name="maxIdleTime">1000</property>
    </named-config>
</c3p0-config>